Features,Count,Mean,Std_Dev,Min,1st_Quart,Median,3rd_Quart,Max,Cardinality,Missing_%
age,30939.0,38.56074856976631,13.639623269659348,17.0,28.0,37.0,48.0,90.0,72,0.0
fnlwgt,30939.0,189790.0301884353,105406.1652362737,12285.0,117854.5,178385.0,237319.0,1484705.0,20879,0.0
education-num,30939.0,10.081159701347813,2.5699547967951224,1.0,9.0,10.0,12.0,16.0,16,0.0
capital-gain,30939.0,1081.7776915866705,7443.890751860048,0.0,0.0,0.0,0.0,99999.0,119,0.0
capital-loss,30939.0,86.57277222922525,401.7122137305941,0.0,0.0,0.0,0.0,4356.0,91,0.0
hours-per-week,30939.0,40.40893370826465,12.337144136123005,1.0,40.0,40.0,45.0,99.0,93,0.0
